{
    "loss": 0.12723885476589203,
    "accuracy": 0.9424460530281067
}