{
    "loss": 0.12107536196708679,
    "accuracy": 0.9640287756919861
}